{"cameraMode":{"drawMode":0,"name":"Shaded","section":"Shading Mode"},"sceneLighting":true,"audioPlay":false,"sceneViewState":{"m_AlwaysRefresh":false,"showFog":true,"showSkybox":true,"showFlares":true,"showImageEffects":true,"showParticleSystems":true,"showVisualEffectGraphs":true,"m_FxEnabled":true},"in2DMode":false,"pivot":{"x":10.827317237854004,"y":-1.0337038040161133,"z":5.852631568908691},"rotation":{"x":0.24556519091129304,"y":-0.09434212744235993,"z":0.02401798404753208,"w":0.9644862413406372},"size":13.993499755859375,"orthographic":false}