{"cameraMode":{"drawMode":0,"name":"Shaded","section":"Shading Mode"},"sceneLighting":true,"audioPlay":false,"sceneViewState":{"m_AlwaysRefresh":false,"showFog":true,"showSkybox":true,"showFlares":true,"showImageEffects":true,"showParticleSystems":true,"showVisualEffectGraphs":true,"m_FxEnabled":true},"in2DMode":false,"pivot":{"x":-3.2467844486236574,"y":1.3761570453643799,"z":4.86524772644043},"rotation":{"x":0.12745694816112519,"y":0.010409574955701828,"z":-0.0013380723539739848,"w":0.9917983412742615},"size":8.399027824401856,"orthographic":false}