{"cameraMode":{"drawMode":0,"name":"Shaded","section":"Shading Mode"},"sceneLighting":false,"audioPlay":false,"sceneViewState":{"m_AlwaysRefresh":false,"showFog":true,"showSkybox":false,"showFlares":true,"showImageEffects":true,"showParticleSystems":true,"showVisualEffectGraphs":true,"m_FxEnabled":true},"in2DMode":false,"pivot":{"x":-0.6324615478515625,"y":1.6946481466293336,"z":-0.968638002872467},"rotation":{"x":-0.000552755780518055,"y":0.9994025230407715,"z":-0.028800468891859056,"w":-0.019190208986401559},"size":2.3353731632232668,"orthographic":false}